Method,Job,AnalyzeLaunchVariance,EvaluateOverhead,MaxAbsoluteError,MaxRelativeError,MinInvokeCount,MinIterationTime,OutlierMode,Affinity,EnvironmentVariables,Jit,LargeAddressAware,Platform,PowerPlanMode,Runtime,AllowVeryLargeObjects,Concurrent,CpuGroups,Force,HeapAffinitizeMask,HeapCount,NoAffinitize,RetainVm,Server,Arguments,BuildConfiguration,Clock,EngineFactory,NuGetReferences,Toolchain,IsMutator,InvocationCount,IterationCount,IterationTime,LaunchCount,MaxIterationCount,MaxWarmupIterationCount,MemoryRandomization,MinIterationCount,MinWarmupIterationCount,RunStrategy,UnrollFactor,WarmupCount,BatchSize,Mean,Error,StdDev,Ratio,RatioSD,Rank,Gen0,Gen1,Gen2,Allocated,Alloc Ratio
Parallel_Utf8Bytes,ShortRun,False,Default,Default,Default,Default,Default,Default,1111,Empty,RyuJit,Default,X64,8c5e7fda-e8bf-4a96-9a85-a6e23a8c635c,.NET 10.0,False,True,False,True,Default,Default,False,False,False,Default,Default,Default,Default,Default,Default,Default,Default,3,Default,1,Default,Default,Default,Default,Default,Default,16,3,100,54.88 μs,15.048 μs,0.825 μs,0.47,0.01,1,4.8828,0.4883,0.0000,78.78 KB,0.66
Parallel_SourceGenerated,ShortRun,False,Default,Default,Default,Default,Default,Default,1111,Empty,RyuJit,Default,X64,8c5e7fda-e8bf-4a96-9a85-a6e23a8c635c,.NET 10.0,False,True,False,True,Default,Default,False,False,False,Default,Default,Default,Default,Default,Default,Default,Default,3,Default,1,Default,Default,Default,Default,Default,Default,16,3,100,75.29 μs,262.889 μs,14.410 μs,0.65,0.11,2,7.3242,1.4648,0.0000,121.5 KB,1.02
Sequential_WriteTo_PooledBuffer,ShortRun,False,Default,Default,Default,Default,Default,Default,1111,Empty,RyuJit,Default,X64,8c5e7fda-e8bf-4a96-9a85-a6e23a8c635c,.NET 10.0,False,True,False,True,Default,Default,False,False,False,Default,Default,Default,Default,Default,Default,Default,Default,3,Default,1,Default,Default,Default,Default,Default,Default,16,3,100,100.13 μs,3.765 μs,0.206 μs,0.86,0.00,3,1.9531,0.0000,0.0000,32.18 KB,0.27
Sequential_Utf8Bytes,ShortRun,False,Default,Default,Default,Default,Default,Default,1111,Empty,RyuJit,Default,X64,8c5e7fda-e8bf-4a96-9a85-a6e23a8c635c,.NET 10.0,False,True,False,True,Default,Default,False,False,False,Default,Default,Default,Default,Default,Default,Default,Default,3,Default,1,Default,Default,Default,Default,Default,Default,16,3,100,105.93 μs,0.306 μs,0.017 μs,0.91,0.00,3,4.6387,0.7324,0.0000,76.58 KB,0.64
Sequential_DirectJsonlStream,ShortRun,False,Default,Default,Default,Default,Default,Default,1111,Empty,RyuJit,Default,X64,8c5e7fda-e8bf-4a96-9a85-a6e23a8c635c,.NET 10.0,False,True,False,True,Default,Default,False,False,False,Default,Default,Default,Default,Default,Default,Default,Default,3,Default,1,Default,Default,Default,Default,Default,Default,16,3,100,107.22 μs,9.377 μs,0.514 μs,0.92,0.00,3,8.6670,2.0752,0.0000,143.52 KB,1.20
Sequential_SourceGenerated,ShortRun,False,Default,Default,Default,Default,Default,Default,1111,Empty,RyuJit,Default,X64,8c5e7fda-e8bf-4a96-9a85-a6e23a8c635c,.NET 10.0,False,True,False,True,Default,Default,False,False,False,Default,Default,Default,Default,Default,Default,Default,Default,3,Default,1,Default,Default,Default,Default,Default,Default,16,3,100,116.69 μs,4.769 μs,0.261 μs,1.00,0.00,3,7.2021,1.7090,0.0000,119.27 KB,1.00
Sequential_Reflection,ShortRun,False,Default,Default,Default,Default,Default,Default,1111,Empty,RyuJit,Default,X64,8c5e7fda-e8bf-4a96-9a85-a6e23a8c635c,.NET 10.0,False,True,False,True,Default,Default,False,False,False,Default,Default,Default,Default,Default,Default,Default,Default,3,Default,1,Default,Default,Default,Default,Default,Default,16,3,100,169.37 μs,6.292 μs,0.345 μs,1.45,0.00,4,9.5215,2.1973,0.0000,157.67 KB,1.32
Parallel_Utf8Bytes,ShortRun,False,Default,Default,Default,Default,Default,Default,1111,Empty,RyuJit,Default,X64,8c5e7fda-e8bf-4a96-9a85-a6e23a8c635c,.NET 10.0,False,True,False,True,Default,Default,False,False,False,Default,Default,Default,Default,Default,Default,Default,Default,3,Default,1,Default,Default,Default,Default,Default,Default,16,3,1000,522.06 μs,472.184 μs,25.882 μs,0.44,0.02,1,46.8750,31.2500,0.0000,768.47 KB,0.64
Parallel_SourceGenerated,ShortRun,False,Default,Default,Default,Default,Default,Default,1111,Empty,RyuJit,Default,X64,8c5e7fda-e8bf-4a96-9a85-a6e23a8c635c,.NET 10.0,False,True,False,True,Default,Default,False,False,False,Default,Default,Default,Default,Default,Default,Default,Default,3,Default,1,Default,Default,Default,Default,Default,Default,16,3,1000,548.25 μs,316.982 μs,17.375 μs,0.47,0.01,1,74.2188,58.5938,0.0000,1196.59 KB,1.00
Sequential_WriteTo_PooledBuffer,ShortRun,False,Default,Default,Default,Default,Default,Default,1111,Empty,RyuJit,Default,X64,8c5e7fda-e8bf-4a96-9a85-a6e23a8c635c,.NET 10.0,False,True,False,True,Default,Default,False,False,False,Default,Default,Default,Default,Default,Default,Default,Default,3,Default,1,Default,Default,Default,Default,Default,Default,16,3,1000,955.10 μs,192.463 μs,10.550 μs,0.81,0.01,2,18.5547,0.0000,0.0000,306.4 KB,0.26
Sequential_Utf8Bytes,ShortRun,False,Default,Default,Default,Default,Default,Default,1111,Empty,RyuJit,Default,X64,8c5e7fda-e8bf-4a96-9a85-a6e23a8c635c,.NET 10.0,False,True,False,True,Default,Default,False,False,False,Default,Default,Default,Default,Default,Default,Default,Default,3,Default,1,Default,Default,Default,Default,Default,Default,16,3,1000,"1,071.38 μs",504.329 μs,27.644 μs,0.91,0.02,2,46.8750,29.2969,0.0000,766.26 KB,0.64
Sequential_SourceGenerated,ShortRun,False,Default,Default,Default,Default,Default,Default,1111,Empty,RyuJit,Default,X64,8c5e7fda-e8bf-4a96-9a85-a6e23a8c635c,.NET 10.0,False,True,False,True,Default,Default,False,False,False,Default,Default,Default,Default,Default,Default,Default,Default,3,Default,1,Default,Default,Default,Default,Default,Default,16,3,1000,"1,173.67 μs",337.088 μs,18.477 μs,1.00,0.02,2,72.2656,50.7813,0.0000,1194.39 KB,1.00
Sequential_DirectJsonlStream,ShortRun,False,Default,Default,Default,Default,Default,Default,1111,Empty,RyuJit,Default,X64,8c5e7fda-e8bf-4a96-9a85-a6e23a8c635c,.NET 10.0,False,True,False,True,Default,Default,False,False,False,Default,Default,Default,Default,Default,Default,Default,Default,3,Default,1,Default,Default,Default,Default,Default,Default,16,3,1000,"1,612.43 μs",111.828 μs,6.130 μs,1.37,0.02,3,332.0313,332.0313,332.0313,1430.45 KB,1.20
Sequential_Reflection,ShortRun,False,Default,Default,Default,Default,Default,Default,1111,Empty,RyuJit,Default,X64,8c5e7fda-e8bf-4a96-9a85-a6e23a8c635c,.NET 10.0,False,True,False,True,Default,Default,False,False,False,Default,Default,Default,Default,Default,Default,Default,Default,3,Default,1,Default,Default,Default,Default,Default,Default,16,3,1000,"1,623.18 μs",82.611 μs,4.528 μs,1.38,0.02,3,95.7031,50.7813,0.0000,1578.52 KB,1.32
Parallel_Utf8Bytes,ShortRun,False,Default,Default,Default,Default,Default,Default,1111,Empty,RyuJit,Default,X64,8c5e7fda-e8bf-4a96-9a85-a6e23a8c635c,.NET 10.0,False,True,False,True,Default,Default,False,False,False,Default,Default,Default,Default,Default,Default,Default,Default,3,Default,1,Default,Default,Default,Default,Default,Default,16,3,5000,"2,560.60 μs",291.583 μs,15.983 μs,0.40,0.00,1,246.0938,175.7813,0.0000,3859.04 KB,0.64
Parallel_SourceGenerated,ShortRun,False,Default,Default,Default,Default,Default,Default,1111,Empty,RyuJit,Default,X64,8c5e7fda-e8bf-4a96-9a85-a6e23a8c635c,.NET 10.0,False,True,False,True,Default,Default,False,False,False,Default,Default,Default,Default,Default,Default,Default,Default,3,Default,1,Default,Default,Default,Default,Default,Default,16,3,5000,"3,090.55 μs",624.341 μs,34.222 μs,0.48,0.00,2,398.4375,316.4063,0.0000,6003.84 KB,1.00
Sequential_WriteTo_PooledBuffer,ShortRun,False,Default,Default,Default,Default,Default,Default,1111,Empty,RyuJit,Default,X64,8c5e7fda-e8bf-4a96-9a85-a6e23a8c635c,.NET 10.0,False,True,False,True,Default,Default,False,False,False,Default,Default,Default,Default,Default,Default,Default,Default,3,Default,1,Default,Default,Default,Default,Default,Default,16,3,5000,"4,963.58 μs",53.528 μs,2.934 μs,0.78,0.00,3,85.9375,0.0000,0.0000,1525.15 KB,0.25
Sequential_Utf8Bytes,ShortRun,False,Default,Default,Default,Default,Default,Default,1111,Empty,RyuJit,Default,X64,8c5e7fda-e8bf-4a96-9a85-a6e23a8c635c,.NET 10.0,False,True,False,True,Default,Default,False,False,False,Default,Default,Default,Default,Default,Default,Default,Default,3,Default,1,Default,Default,Default,Default,Default,Default,16,3,5000,"5,487.79 μs",155.267 μs,8.511 μs,0.86,0.00,3,234.3750,179.6875,0.0000,3856.7 KB,0.64
Sequential_DirectJsonlStream,ShortRun,False,Default,Default,Default,Default,Default,Default,1111,Empty,RyuJit,Default,X64,8c5e7fda-e8bf-4a96-9a85-a6e23a8c635c,.NET 10.0,False,True,False,True,Default,Default,False,False,False,Default,Default,Default,Default,Default,Default,Default,Default,3,Default,1,Default,Default,Default,Default,Default,Default,16,3,5000,"6,122.44 μs",913.083 μs,50.049 μs,0.96,0.01,3,1078.1250,984.3750,984.3750,7152.84 KB,1.19
Sequential_SourceGenerated,ShortRun,False,Default,Default,Default,Default,Default,Default,1111,Empty,RyuJit,Default,X64,8c5e7fda-e8bf-4a96-9a85-a6e23a8c635c,.NET 10.0,False,True,False,True,Default,Default,False,False,False,Default,Default,Default,Default,Default,Default,Default,Default,3,Default,1,Default,Default,Default,Default,Default,Default,16,3,5000,"6,386.38 μs",395.703 μs,21.690 μs,1.00,0.00,3,367.1875,273.4375,0.0000,6001.83 KB,1.00
Sequential_Reflection,ShortRun,False,Default,Default,Default,Default,Default,Default,1111,Empty,RyuJit,Default,X64,8c5e7fda-e8bf-4a96-9a85-a6e23a8c635c,.NET 10.0,False,True,False,True,Default,Default,False,False,False,Default,Default,Default,Default,Default,Default,Default,Default,3,Default,1,Default,Default,Default,Default,Default,Default,16,3,5000,"8,450.71 μs","1,023.663 μs",56.110 μs,1.32,0.01,4,484.3750,421.8750,0.0000,7918.86 KB,1.32
